#	total_frames:30000	interaction_types:vdw
#	Columns:	residue_1,	residue_2	frame_count	contact_frequency
A:S25:501	C:LYS:202	0.735
A:S25:501	B:LEU:20	0.835
A:S25:501	C:LEU:141	0.430
A:S25:501	C:TYR:145	0.813
A:S25:501	C:GLN:210	0.456
A:S25:501	B:GLN:23	0.790
A:S25:501	B:VAL:16	0.557
A:S25:501	B:GLU:27	0.726
A:S25:501	C:GLU:138	0.090
A:S25:501	B:ALA:24	0.866
A:S25:501	C:TYR:205	0.931
A:S25:501	C:LEU:142	0.659
A:S25:501	C:SER:206	0.304
A:S25:501	B:TYR:19	0.463
A:S25:501	C:ALA:209	0.728
A:S25:501	C:LEU:201	0.430
A:S25:501	B:PHE:12	0.090
A:S25:501	C:ASP:198	0.265
A:S25:501	C:GLU:139	0.011
A:S25:501	C:TRP:214	0.081
A:S25:501	C:ARG:134	0.091
A:S25:501	C:MET:204	0.000
A:S25:501	C:SER:136	0.060
A:S25:501	C:TYR:148	0.186
A:S25:501	C:LEU:388	0.101
A:S25:501	C:LEU:144	0.082
A:S25:501	C:LEU:384	0.001
A:S25:501	C:LEU:217	0.021
A:S25:501	C:ALA:208	0.014
A:S25:501	C:PHE:143	0.000
A:S25:501	C:GLN:140	0.006
A:S25:501	B:LYS:26	0.002
A:S25:501	C:ARG:131	0.011
A:S25:501	C:PHE:381	0.001
A:S25:501	C:LYS:197	0.000
A:S25:501	C:HSD:212	0.000
A:S25:501	C:SER:135	0.100
A:S25:501	C:GLU:133	0.002
A:S25:501	C:PRO:137	0.187
A:S25:501	C:ILE:146	0.000
